Product Name,Original Link,Referral Link
First Steps,https://www.oculus.com/experiences/quest/1863547050392688/,https://www.oculus.com/appreferrals/dldnjs1013/1863547050392688
SUPERHOT VR,https://www.oculus.com/experiences/quest/1921533091289407/,https://www.oculus.com/appreferrals/dldnjs1013/1921533091289407
Meta Quest TV,https://www.oculus.com/experiences/quest/1931356740318898/,https://www.oculus.com/appreferrals/dldnjs1013/1931356740318898
Eleven Table Tennis,https://www.oculus.com/experiences/quest/1995434190525828/,https://www.oculus.com/appreferrals/dldnjs1013/1995434190525828
YouTube VR,https://www.oculus.com/experiences/quest/2002317119880945/,https://www.oculus.com/appreferrals/dldnjs1013/2002317119880945
Virtual Desktop,https://www.oculus.com/experiences/quest/2017050365004772/,https://www.oculus.com/appreferrals/dldnjs1013/2017050365004772
SKYBOX VR Video Player,https://www.oculus.com/experiences/quest/2063931653705427/,https://www.oculus.com/appreferrals/dldnjs1013/2063931653705427
Shadow Point,https://www.oculus.com/experiences/quest/2088119334554800/,https://www.oculus.com/appreferrals/dldnjs1013/2088119334554800
Mission: ISS: Quest,https://www.oculus.com/experiences/quest/2094303753986147/,https://www.oculus.com/appreferrals/dldnjs1013/2094303753986147
Vader Immortal: Episode I,https://www.oculus.com/experiences/quest/2108775495884888/,https://www.oculus.com/appreferrals/dldnjs1013/2108775495884888
The Room VR: A Dark Matter,https://www.oculus.com/experiences/quest/2124523024270629/,https://www.oculus.com/appreferrals/dldnjs1013/2124523024270629
Netflix,https://www.oculus.com/experiences/quest/2184912004923042/,https://www.oculus.com/appreferrals/dldnjs1013/2184912004923042
Vader Immortal: Episode II,https://www.oculus.com/experiences/quest/2223615721048141/,https://www.oculus.com/appreferrals/dldnjs1013/2223615721048141
Cubism,https://www.oculus.com/experiences/quest/2264524423619421/,https://www.oculus.com/appreferrals/dldnjs1013/2264524423619421
Classic Home,https://www.oculus.com/experiences/quest/2279149812197085/,https://www.oculus.com/appreferrals/dldnjs1013/2279149812197085
Epic Roller Coasters,https://www.oculus.com/experiences/quest/2299465166734471/,https://www.oculus.com/appreferrals/dldnjs1013/2299465166734471
Phantom: Covert Ops,https://www.oculus.com/experiences/quest/2302118823192509/,https://www.oculus.com/appreferrals/dldnjs1013/2302118823192509
The Tale of Onogoro,https://www.oculus.com/experiences/quest/2302319493201737/,https://www.oculus.com/appreferrals/dldnjs1013/2302319493201737
In Death: Unchained,https://www.oculus.com/experiences/quest/2334376869949242/,https://www.oculus.com/appreferrals/dldnjs1013/2334376869949242
HitchHiker: A Mystery Game,https://www.oculus.com/experiences/quest/2374555582668563/,https://www.oculus.com/appreferrals/dldnjs1013/2374555582668563
DeoVR Video Streaming,https://www.oculus.com/experiences/quest/2382576078453818/,https://www.oculus.com/appreferrals/dldnjs1013/2382576078453818
Vader Immortal: Episode III,https://www.oculus.com/experiences/quest/2426206484098337/,https://www.oculus.com/appreferrals/dldnjs1013/2426206484098337
Beat Saber,https://www.oculus.com/experiences/quest/2448060205267927/,https://www.oculus.com/appreferrals/dldnjs1013/2448060205267927
Felix & Paul Studios,https://www.oculus.com/experiences/quest/2451131601675079/,https://www.oculus.com/appreferrals/dldnjs1013/2451131601675079
Down the Rabbit Hole,https://www.oculus.com/experiences/quest/2476104599150595/,https://www.oculus.com/appreferrals/dldnjs1013/2476104599150595
Sphere Toon - VR Comic,https://www.oculus.com/experiences/quest/2479638112135074/,https://www.oculus.com/appreferrals/dldnjs1013/2479638112135074
Bigscreen Beta,https://www.oculus.com/experiences/quest/2497738113633933/,https://www.oculus.com/appreferrals/dldnjs1013/2497738113633933
Meta Horizon Workrooms (Beta),https://www.oculus.com/experiences/quest/2514011888645651/,https://www.oculus.com/appreferrals/dldnjs1013/2514011888645651
VR Animation Player,https://www.oculus.com/experiences/quest/2515021945210953/,https://www.oculus.com/appreferrals/dldnjs1013/2515021945210953
OhShape,https://www.oculus.com/experiences/quest/2522558964527688/,https://www.oculus.com/appreferrals/dldnjs1013/2522558964527688
Sniper Elite VR,https://www.oculus.com/experiences/quest/2544573735586536/,https://www.oculus.com/appreferrals/dldnjs1013/2544573735586536
Until You Fall,https://www.oculus.com/experiences/quest/2567459230020142/,https://www.oculus.com/appreferrals/dldnjs1013/2567459230020142
The Climb 2,https://www.oculus.com/experiences/quest/2617233878395214/,https://www.oculus.com/appreferrals/dldnjs1013/2617233878395214
The Light Brigade,https://www.oculus.com/experiences/quest/2681027292004911/,https://www.oculus.com/appreferrals/dldnjs1013/2681027292004911
The Line,https://www.oculus.com/experiences/quest/2685959161497510/,https://www.oculus.com/appreferrals/dldnjs1013/2685959161497510
Immersed,https://www.oculus.com/experiences/quest/2849273531812512/,https://www.oculus.com/appreferrals/dldnjs1013/2849273531812512
Cyber City,https://www.oculus.com/experiences/quest/2866842926757434/,https://www.oculus.com/appreferrals/dldnjs1013/2866842926757434
The Thrill of the Fight,https://www.oculus.com/experiences/quest/3008315795852749/,https://www.oculus.com/appreferrals/dldnjs1013/3008315795852749
Winter Lodge,https://www.oculus.com/experiences/quest/3397161850356438/,https://www.oculus.com/appreferrals/dldnjs1013/3397161850356438
Yupitergrad,https://www.oculus.com/experiences/quest/3622969487764448/,https://www.oculus.com/appreferrals/dldnjs1013/3622969487764448
Demeo,https://www.oculus.com/experiences/quest/3634830803298285/,https://www.oculus.com/appreferrals/dldnjs1013/3634830803298285
BRINK Traveler,https://www.oculus.com/experiences/quest/3635172946605196/,https://www.oculus.com/appreferrals/dldnjs1013/3635172946605196
Tiny Castles,https://www.oculus.com/experiences/quest/3647163948685453/,https://www.oculus.com/appreferrals/dldnjs1013/3647163948685453
First Steps for Quest 2,https://www.oculus.com/experiences/quest/3675568169182204/,https://www.oculus.com/appreferrals/dldnjs1013/3675568169182204
Red Matter 2,https://www.oculus.com/experiences/quest/3682089508520212/,https://www.oculus.com/appreferrals/dldnjs1013/3682089508520212
Space Station,https://www.oculus.com/experiences/quest/3759082287499712/,https://www.oculus.com/appreferrals/dldnjs1013/3759082287499712
Elixir,https://www.oculus.com/experiences/quest/3793077684043441/,https://www.oculus.com/appreferrals/dldnjs1013/3793077684043441
Green Hell VR,https://www.oculus.com/experiences/quest/3815577785147028/,https://www.oculus.com/appreferrals/dldnjs1013/3815577785147028
Shadowgate VR: The Mines of Mythrok,https://www.oculus.com/experiences/quest/3878215958952165/,https://www.oculus.com/appreferrals/dldnjs1013/3878215958952165
First Steps With Hand Tracking,https://www.oculus.com/experiences/quest/3974885535895823/,https://www.oculus.com/appreferrals/dldnjs1013/3974885535895823
We Are One,https://www.oculus.com/experiences/quest/4052099231581371/,https://www.oculus.com/appreferrals/dldnjs1013/4052099231581371
Studio,https://www.oculus.com/experiences/quest/4103186286403181/,https://www.oculus.com/appreferrals/dldnjs1013/4103186286403181
Golf 5,https://www.oculus.com/experiences/quest/4113720305326115/,https://www.oculus.com/appreferrals/dldnjs1013/4113720305326115
MOTHERGUNSHIP: FORGE,https://www.oculus.com/experiences/quest/4188843481174389/,https://www.oculus.com/appreferrals/dldnjs1013/4188843481174389
BONELAB,https://www.oculus.com/experiences/quest/4215734068529064/,https://www.oculus.com/appreferrals/dldnjs1013/4215734068529064
Oculus Hand Gameplay Showcase for Unreal,https://www.oculus.com/experiences/quest/4232440213539049/,https://www.oculus.com/appreferrals/dldnjs1013/4232440213539049
Mobile Mixed Reality Camera Setup,https://www.oculus.com/experiences/quest/4371962289556126/,https://www.oculus.com/appreferrals/dldnjs1013/4371962289556126
Moss: Book II,https://www.oculus.com/experiences/quest/4395292760584049/,https://www.oculus.com/appreferrals/dldnjs1013/4395292760584049
Unplugged: Air Guitar ,https://www.oculus.com/experiences/quest/4714094898617280/,https://www.oculus.com/appreferrals/dldnjs1013/4714094898617280
The World Beyond,https://www.oculus.com/experiences/quest/4873390506111025/,https://www.oculus.com/appreferrals/dldnjs1013/4873390506111025
Vermillion - VR Painting,https://www.oculus.com/experiences/quest/4900967296622279/,https://www.oculus.com/appreferrals/dldnjs1013/4900967296622279
STRIDE,https://www.oculus.com/experiences/quest/4901911359882668/,https://www.oculus.com/appreferrals/dldnjs1013/4901911359882668
Mountain Study,https://www.oculus.com/experiences/quest/5077315605654672/,https://www.oculus.com/appreferrals/dldnjs1013/5077315605654672
Call of the Sea VR,https://www.oculus.com/experiences/quest/5174697242548672/,https://www.oculus.com/appreferrals/dldnjs1013/5174697242548672
PianoVision,https://www.oculus.com/experiences/quest/5271074762922599/,https://www.oculus.com/appreferrals/dldnjs1013/5271074762922599
VENTA X,https://www.oculus.com/experiences/quest/5370588983021594/,https://www.oculus.com/appreferrals/dldnjs1013/5370588983021594
Wolvic,https://www.oculus.com/experiences/quest/5917120145021341/,https://www.oculus.com/appreferrals/dldnjs1013/5917120145021341
Futurescape,https://www.oculus.com/experiences/quest/6371182992938672/,https://www.oculus.com/appreferrals/dldnjs1013/6371182992938672
